xi,m,alpha,vMu,vAlpha,vM
4912.704732451875,0.24009136926769317,335.8735027764583,15653.345046893184,1039.5740769959666,0.5614354753890908
600.3530294320881,0.2533055756973031,180.11101898769266,425.9294320286717,366.2881046426701,0.2531425466587894
119.91742478162632,0.17610256543196837,69.05399463292997,5705.684936943857,110.28795289696427,0.17621109845725033
30.95503915619338,0.1260178480592159,32.147261855338,5817.314872432165,43.51083613719675,0.1260632305706366
15.68063802238612,0.127234509157084,17.716962949431036,3787.8096833141753,21.991792248154525,0.12723854828331763
